	position	aa	frequency	lib	
1	E106	Q,E,K,R,T,D,N,I,L,A,S,G,H,M,V	176,157,149,29,13,11,9,7,6,4,3,2,1,1,1	K,N,E,D	
1	A107	A,M,S,Q,L,-,V,I,G,T,E,N	511,19,11,6,5,4,4,3,2,2,1,1	A	
1	L108	L,I,V,M,-,A,W,S,T	416,81,50,8,8,2,2,1,1	L,M,V,I	
1	G109	G,K,Q,A,-,Y,D,F,E,S,H,L,N,P,R	476,19,15,11,9,9,8,6,4,4,3,2,1,1,1	G	
1	A110	D,E,N,S,P,Q,T,A,G,H,K,-,L,V	404,51,42,16,12,10,9,7,6,5,4,1,1,1	A,N,K,T,H,Q,P,D,E	
1	V111	K,R,V,M,F,G,I,Y,L,A,Q,-,P	381,109,23,17,10,7,6,5,4,3,2,1,1	V,F,I	
1	R112	K,R,A,E,S,V,Q,T,N,I,L,C,H,W,G,M,D,-	217,170,70,20,20,15,13,12,7,6,5,3,3,3,2,1,1,1	R,K,T	
1	G113	G,S,H,N,K,A,C,D,-,Q,R	507,23,15,11,6,2,1,1,1,1,1	G	
1	V114	I,L,V,F,M,K,T	469,36,36,21,5,1,1	V,I,L	
1	K115	R,K,V,N,T,A,E,G,Q,S,C,F,H,Y,L,I,M	164,74,52,51,46,42,30,29,18,14,12,12,10,7,4,2,2	K,A,T,E	
1	E126	E,D	527,42	E	
1	A127	A,T,S,C,V	310,139,63,46,11	A	
1	L128	L,K,I,A,M,Q,R,V,C,F,S	495,16,10,8,8,8,8,7,5,2,2	L	
1	S129	A,S,V,T,G,C,I,F,M	200,161,99,57,30,11,9,1,1	S	
1	R130	R,Q,S,E,H,L,F,T,M,G,K,D,N,V,A,Y,C,I,W	240,64,44,43,36,30,27,24,15,14,12,6,4,3,2,2,1,1,1	R	
1	A131	V,A,C,I,S,T,L	302,150,95,10,9,2,1	A,S	
1	V132	V,A,S,T,I,D,C,Y,G,L,H	237,224,51,21,12,9,6,4,2,2,1	V	
1	V133	V,I,L,M,T,A,F	218,165,164,16,3,2,1	V	
1	D134	D	569	D	
1	L135	L,I,F,V,C,M	216,152,111,67,20,3	L,F	
2	S136	S,G,C,A,V	516,44,6,2,1	S	
2	N137	G,N,S,A,K,D,Q	477,79,6,3,2,1,1	N,G,S,D	
2	R138	R	569	R	
2	P139	P,S,A,G,Y,F,T,E,N,V	446,57,28,25,5,3,2,1,1,1	P,A	
2	Y140	Y,G,F,H,W,V,M,L,A,S,C,I,R,T	257,97,92,73,15,9,8,5,4,3,2,2,1,1	Y,F	
2	A141	L,F,C,A,I,V,S,T,Y,W,H,M	363,55,49,40,28,11,8,5,5,3,1,1	A,S,C,G	
2	V142	V,E,S,K,Q,A,F,I,H,N,T,D,Y,M,G,C,L,R	292,86,50,25,24,16,16,15,11,10,8,4,4,3,2,1,1,1	V,F	
2	V143	F,Y,W,M,H,V,I,C,L,G,K,T	212,111,56,45,40,31,26,19,12,10,4,3	V,I,A,T	
2	E144	N,D,K,H,E,R,T,S,Q,G,A,F,V	113,101,73,72,53,36,36,26,25,23,5,3,3	E,D,N,K	
2	L155	F,L,Y,M,I,V,E,-,W,Q	292,99,89,71,6,4,3,2,2,1	L	
2	S156	D,S,P,A,E,T,H,N,G,Q,K,L,R	315,105,36,26,25,24,17,8,5,4,2,1,1	S	
2	C157	T,V,S,C,G,A,H,L,F,I,K,R,Y,E,M,P	357,112,21,20,18,12,5,5,4,4,4,2,2,1,1,1	C,T,S	
2	E158	E,D,Q,V,S,T,R,Y,N,H,A,C,P,W	345,108,39,29,20,8,6,5,3,2,1,1,1,1	E	
2	M159	L,M,I,N,V,H,G,D,T,C	375,124,25,23,8,5,4,2,2,1	M	
2	I160	V,I,F,T,N,S,A,L,W,C,M	247,81,77,69,29,29,20,9,6,1,1	I,V	
2	P161	E,R,P,K,I,Q,H,S,V,Y,L,A,W,G,M,T,D,N	167,149,65,36,30,29,14,14,14,13,11,8,6,5,4,2,1,1	P,T	
2	H162	E,H,D	336,222,11	H	
2	F163	F,V,W,I,L,C,G	472,50,25,9,9,3,1	F,V,I,L	
3	L145	V,A,G,L,I,T,F,E,Y,D,S,P,C,M,N,R	144,136,106,90,22,16,12,10,7,6,6,5,3,3,2,1	L,I	
3	G146	E,P,D,G,K,N,S,T,Q,A,-,R,C,V,H,I,L,Y	172,100,64,36,36,33,32,29,23,22,5,5,4,3,2,1,1,1	G	
3	L147	F,L,I,Y,M,P,E,Q,-,V,A,D,G,T,W,C	285,161,31,30,19,8,7,7,5,5,2,2,2,2,2,1	L,F	
3	Q148	T,K,P,S,L,N,V,Q,E,R,A,D,G,I,-,M	159,97,95,61,21,21,20,19,18,16,12,12,9,6,2,1	Q,K,R	
3	R149	R,T,A,K,N,S,V,H,Y,Q,-,E,P,D,G,F,M,C,L	219,48,39,36,36,32,30,24,22,17,15,9,9,7,7,7,6,3,3	R	
3	E150	E,A,P,Q,D,G,S,T,V,K,H,N,C,R,-,M,F	121,116,100,50,42,38,31,16,14,12,8,8,4,4,3,1,1	E	
3	K151	K,R,T,M,V,S,L,Q,E,I,H,D,Y,F,A,-,C,G,N	239,133,30,29,29,19,18,15,14,10,7,6,6,5,3,3,1,1,1	M,K	
3	V152	I,V,L,A,F,E,K,-,N,P,T	275,181,71,28,6,2,2,1,1,1,1	V,I	
3	G153	G,E,T,A,Q,S,K,N,P,L	535,8,6,5,5,3,2,2,2,1	G	
3	D154	D,T,G,E,S,N,Q,R,A,I,-,K,P,V,Y	150,112,104,65,44,33,21,12,9,8,4,3,2,1,1	D,Q,E,H	
3	L164	F,L,M,W,I,H,V,Y,A,C	450,75,10,9,8,6,4,3,2,2	L,I,M	
3	E165	Q,R,E,H,V,K,Y,W,I,N,T,D,C,G,F,L,A,M,S	178,168,101,20,20,17,16,11,9,8,5,4,3,2,2,2,1,1,1	E,Q,H,D	
3	S166	A,S,G,T,K	215,201,120,18,15	S	
3	F167	F,L,V,I,M	255,192,75,45,2	F	
3	A168	A,V,S,C,T,I,G,L	281,168,57,29,25,5,3,1	A,S	
3	E169	N,F,M,Y,Q,L,D,I,S,A,T,H,E,R,V,G,C,W	164,66,43,41,38,36,31,26,25,18,18,17,13,11,11,9,1,1	E,Q,G,R	
3	A170	N,H,A,T,S,E,G,Q,K,Y,L,R	204,166,80,39,34,19,10,9,3,3,1,1	A,S,T,G	
4	S171	A,S,M,G,L,C,T,V,F	363,80,39,36,30,6,6,5,4	S,A	
4	R172	G,R,K,L,Q,A,N,M,E,H,S,F,D,P,W	243,113,41,34,33,29,24,16,15,11,4,3,1,1,1	R,A,G,S,T	
4	I173	I,V,M,L,A,C,F,S,T,X	203,131,82,70,50,20,10,1,1,1	V,I	
4	T174	T,N,A,C,S	393,106,35,21,14	T	
4	L175	L,I,V,T,M,A	460,41,30,18,12,8	L,I,M	
4	H176	H,N,Y	558,8,3	H	
4	V177	I,V,L,A,F,M,C,G,T,Y	231,160,111,40,10,10,4,1,1,1	I,V	
4	D178	D,R,E,K,N,S,I,T,Q,A,H,V,L,F,Y,G,W	161,111,52,52,47,36,20,20,13,12,11,9,7,6,6,4,2	D,G,S,N	
4	C179	V,N,T,L,Q,C,I,A,S,K,F,E,R,Y,M,G	159,116,54,53,52,44,34,14,13,9,5,4,4,4,3,1	C	
4	L180	L,-,I,H,M,F,K,R,P,A,V,D,Q,S,E,N,T,W	328,90,53,41,12,8,8,7,6,3,3,2,2,2,1,1,1,1	L,I,T,P	
4	S191	A,S,T,G,C,V	278,156,103,21,8,3	S	
4	A192	L,V,I,C,A,Q,T,S,E,M,G	117,102,82,77,68,32,27,23,21,13,7	A	
4	F193	F,Y,M,V,H,I,S,A,T	519,32,5,4,3,2,2,1,1	F	
4	K194	K	569	K	
4	A195	A,G,S,V,C	468,41,40,19,1	A,S	
4	L196	F,L,V,T,A,C,I,M	286,177,77,14,5,4,3,3	L,F	
4	A197	A,G,S	297,248,24	A	
4	V198	R,V,L,K,I,Y,H,F,M,C	437,46,32,20,13,13,3,2,2,1	V,I,L	
4	A199	A,T,S,V	485,36,29,19	A	
4	I200	L,I,M,V,F,A,T	478,39,37,7,6,1,1	I,L,T,M,P	
5	R181	Y,R,K,A,S,H,E,D,T,G,F,I,Q,W,M,N	193,158,40,39,30,26,25,22,17,6,4,3,2,2,1,1	R,Y,H,C	
5	G182	G,W	568,1	G	
5	K183	R,K,E,D,S,I,V,A,T,F,H,G,N,L,Q,Y,-,M,W	102,87,63,49,41,33,28,27,26,25,23,20,15,9,9,8,2,1,1	K,T,N	
5	N184	N,D,E,I,S	506,51,6,3,3	N	
5	D185	D,T,A,S,N,P,L,E,G,K,V,R,Q,C,H	116,116,109,65,48,44,15,14,11,7,7,6,5,3,3	D	
5	H186	H	569	H	
5	H187	H	569	H	
5	R188	I,K,Q,R,V,M,E,L,C,A,T	217,104,98,48,35,27,23,11,4,1,1	R	
5	S189	I,A,V,L,T,C,S,H,M,E,N	199,145,104,31,29,25,23,6,4,2,1	S,A	
5	E190	E	569	E	
5	R201	R,K,D,G,S,Y,A,H,N	420,51,45,25,9,9,5,3,2	R,K	
5	E202	M,Q,E,A,D,I,R,T,K,S,F,L,V,Y,G,N,P,W	137,120,110,70,27,19,19,17,13,7,6,6,6,5,2,2,2,1	E,A	
5	A203	A,S,C,G,Y	556,5,4,3,1	S,A	
5	T204	V,I,T,L,C,S,A,K,M,D,R,W	212,113,104,87,18,12,11,5,4,1,1,1	T,I	
5	S205	E,A,R,S,T,K,Q,D,G,M,L,C,H,V,F,-,Y	227,72,67,61,55,40,19,8,5,3,3,2,2,2,1,1,1	S,T	
5	P206	I,L,R,V,P,K,A,S,T,Q,Y,H,E,M,F,D,C,G,-	170,75,73,62,50,29,22,17,16,11,11,10,7,6,5,2,1,1,1	P,S,L	
5	N207	D,-,N,V,E,G,T	335,177,52,2,1,1,1	N,T	
5	G208	P,-,E,A,G,D,S,L,T,K,Q,I,R,V	240,169,76,31,15,9,8,7,4,3,3,2,1,1	G,E	
5	T209	A,G,S,T,K,D,E,Q,N,H,V,R,L,-,F,P,Y	140,127,53,51,44,41,28,19,14,13,12,9,8,7,1,1,1	T,K	
5	N210	G,D,N,T,-,Q,S,E,K,A,H,F,P,R	294,87,68,21,20,19,18,17,12,4,4,3,1,1	N,D	
5	D211	-,A,E,Q,R,T,D,V,G,I,S,N,K,L,M,Y,H,P	147,78,70,64,41,40,33,25,19,12,12,10,5,4,3,3,2,1	D,E	
6	C96	V,T,I,C,A,L,S,F,M,W	242,173,93,34,8,8,5,4,1,1	C,T,S	
6	G97	G,A,C,S,F	414,143,7,4,1	G,A	
6	I98	I,L,F,V	474,93,1,1	I,L	
6	A99	A,V,T,C,S,L,G,I	213,161,137,30,12,9,6,1	A,S,T	
6	L100	L,I,F,V,M,S,W	469,55,23,11,9,1,1	L	
6	G101	G,R	568,1	G	
6	Q102	Q,E,K,T,L,M,N,A,S,R,D,G,I,Y	308,79,35,32,25,21,19,17,12,8,5,4,3,1	Q,M,L,K	
6	A103	A,C,L,S,T,V,M,G	470,43,24,10,9,8,3,2	A	
6	F104	L,F,I,V,M,Y	241,153,93,76,4,2	F,L	
6	K105	K,A,R,L,S,G,N,D,T,H,V,E,Y,Q,F	156,137,79,43,36,24,23,18,18,13,7,6,5,3,1	K,N,H,Q	
6	R116	R	569	R	
6	F117	Y,F,M,V,T,A,I	328,221,6,6,4,2,2	F,Y	
6	G118	G,A,S,R	468,83,17,1	G	
6	S119	H,S,D,F,T,N,E,W,Y,Q,C,A,G,V,R	178,101,69,68,47,25,19,19,19,7,6,5,3,2,1	S,H,P,Y	
6	G120	A,S,F,V,G,I,M,L,T,C,D,Q,R,Y,K,E	262,76,64,35,25,17,17,16,13,12,12,9,5,3,2,1	G,A	
6	F121	Y,F,T,-,I,L,V,D,H,S,R,M,A,Q,K,W,C,N	175,91,59,52,42,30,29,21,19,12,12,8,7,4,3,3,1,1	F,Y	
6	A122	V,L,I,A,M,C,S,T,Y	249,125,100,71,13,5,3,2,1	A,C	
6	P123	P,A,V,T,I,S	527,26,10,4,1,1	P	
6	L124	M,L,F	365,203,1	L	
6	D125	D,N,I	564,4,1	D	
7	I66	L,I,M,V,F,Y	501,29,20,9,7,3	I,Y,L,H,F	
7	H67	D,T,E,H,S,N,A,Q,I,C,L,K,V,Y	204,129,89,58,27,21,15,11,7,3,2,1,1,1	H,T,P,N	
7	A68	Q,L,A,S,T,N,H,M,G	260,133,95,42,23,7,6,2,1	A	
7	L69	L,I,F,V,M,T,W,A	196,178,156,17,15,4,2,1	L	
7	A70	A,S,G,T,C,L,K,V,F,Q,I,M	342,97,58,32,15,12,4,3,2,2,1,1	A	
7	K71	R,K,S,T,F,V,H,A,I,Y,Q	236,167,47,46,40,16,7,5,2,2,1	K	
7	H72	H,Y,W,F,N	538,21,6,3,1	H	
7	S73	G,S,A,M,L	325,161,71,11,1	S,A,G,C	
7	G74	L,G,R,S,M,N,A,Q,F,K,E,D,C,H,I,V,Y	225,164,57,29,24,14,12,11,9,6,4,4,3,3,2,1,1	G	
7	W75	F,I,L,W,V,M,S,T,A,C,K	222,189,48,33,30,29,9,5,2,1,1	W	
7	H86	H,E,D,Y,F,Q,W,G,P,A,-,N,R,V,C,I,K	282,99,62,31,18,18,16,10,7,5,4,4,4,3,2,2,2	H,Y,V,D,F,L	
7	I87	I,V,Y,-,G,M,L,F,K	379,163,9,5,4,3,3,2,1	I,V	
7	D88	D,E,I,S,C,-,G,V	532,24,4,3,2,2,1,1	D	
7	D89	D,A,E,F,S,G,P,Q,V,C,Y,H,L,T,M,I,-,N	282,101,45,28,19,18,15,12,12,6,6,5,5,5,4,3,2,1	D	
7	H90	H	569	H	
7	H91	H	569	H	
7	T92	T,S,L,V,I	461,46,30,22,10	T,S	
7	T93	V,I,T,N,A,M,S,L,W	343,87,70,32,28,3,3,2,1	T,A,S,V,I,L	
7	E94	E	569	E	
7	D95	D,H	568,1	D	
8	H56	D,S,A,N,Q,E,K,T,H,R,C,V,G,L,W	133,100,89,65,41,37,26,25,20,19,9,2,1,1,1	H,Q,D,E	D,E,Q
8	T57	T,S,I,F,C	522,30,14,2,1	T	
8	G58	G,P,S,E,T,D,N,K	506,23,19,7,6,4,3,1	G	
8	I59	V,I,L,H,F,D,M,Q	332,180,45,5,4,1,1,1	I,V	V
8	G60	G,P,A,N,R,D,K,V,L,H,S,T	283,234,13,10,6,5,5,5,3,2,2,1	G,A	A
8	F61	F,Y,M,L,I	557,4,4,3,1	F	
8	L62	F,L,Y,M,A,I,T	260,257,39,8,3,1,1	L,F	F
8	D63	D,N,E,T,K	468,47,37,15,2	D	
8	H64	H	569	H	
8	M65	M,L,V,I	550,12,6,1	M	
8	S76	D,S,G,R,N,T,A,Q,C,K,L,E	386,59,37,25,18,17,13,5,4,2,2,1	S,N	N
8	L77	L,M,I,V,A,G,C,F	401,77,49,25,11,4,1,1	I,L	I
8	I78	T,D,E,K,N,Q,R,I,S,H,V,A,Y,L,M,F	120,100,85,59,48,37,32,27,22,11,10,8,4,3,2,1	I,V,L,R,G	G,L,R,V
8	V79	V,I,L,C,F,M,A	276,205,77,6,2,2,1	V,L	L
8	E80	E,K,R,S,T,Q,H,D,N,V,M,A,I,Y,W,L,C,F,G	142,95,80,49,37,35,26,24,16,14,11,10,10,7,5,3,2,2,1	E,Y	Y
8	C81	A,C,V,T,S,L,G,I	341,130,52,27,8,6,4,1	C,S,A,G	A,G,S
8	I82	K,E,T,D,Q,V,I,H,R,S,N,C,L,A,G	177,71,57,46,40,34,32,30,27,24,15,6,6,3,1	I,V,R,G	G,R,V
8	G83	G,D,E,S,Y	548,11,7,2,1	G	A
8	D84	D,K,S,L,R	550,10,4,3,2	D	
8	L85	L,T,I,V,K,Q,R,M,-,Y,S,A,D,W	331,109,58,45,4,4,4,3,3,3,2,1,1,1	L,I	I
9	P36	-,L,P,N,A,I,K,V,D,F,Q,S	538,6,6,4,3,3,3,2,1,1,1,1	P,Q	
9	E37	-,D,E,K,A,I,L,N,Q,P,R,T,G,V	538,5,4,4,2,2,2,2,2,2,2,2,1,1	E,K,T,A	
9	K38	-,E,D,K,G,R,T,N,S,A,I,V	538,5,5,5,3,3,3,2,2,1,1,1	K,N	
9	E39	-,K,A,E,I,L,N,Q,V,D,P,S,Y	538,7,5,5,2,2,2,2,2,1,1,1,1	E,K	
9	A40	-,D,E,A,I,S,G,K,F,N,V	538,7,5,4,4,4,2,2,1,1,1	A,E	
9	E41	-,D,S,E,T,A,H,L,N,P,V,Y	538,8,6,5,4,2,1,1,1,1,1,1	E,D	
9	T48	-,T,S,K,V,G,N	535,20,6,3,3,1,1	T,S	
9	Q49	-,G,S,K,D,Q,T,A,P	535,10,8,4,3,3,3,2,1	Q,G,E,R	
9	S50	-,S,E,G,T,A,N,Q	535,19,5,4,3,1,1,1	S,G	
9	Q51	G,Q,-,A,K,E,T,P,S,D,H,V,L,R	452,37,17,16,11,9,8,6,5,2,2,2,1,1	Q	
9	V52	K,Q,V,R,E,N,T,G,I,P,A,S,D,L,H,Y,C,F,M,-	140,71,61,51,50,38,36,21,20,20,19,11,9,7,5,3,2,2,2,1	V,T,I,A	
9	I53	S,A,V,Y,I,Q,C,G,N,T,F,P,H,L,E,-,W	129,108,67,58,49,35,26,19,17,17,16,9,8,7,2,1,1	I,V	
9	N54	D,K,S,E,R,T,N,Q,A,H,V,L,C,I,-,P,W	122,94,64,54,44,40,38,37,31,27,7,4,2,2,1,1,1	N,D,S,G	
9	V55	I,V,L,F,A,G,T,N,S,M,P,C,R,Y	291,117,67,33,20,9,8,7,6,4,3,2,1,1	V,I	
10	I30	-,P,S,E,I,A,L,T,V,D,F,K,Q	539,5,5,4,4,2,2,2,2,1,1,1,1	I,P,L,T	
10	E31	-,I,E,Q,T,A,D,K,S,G,F,N,P,V	539,6,5,3,3,2,2,2,2,1,1,1,1,1	E,P,Q,A	
10	H32	-,S,E,H,P,D,F,I,K,L,A,G,N,Q	539,6,4,3,3,2,2,2,2,2,1,1,1,1	H,Q,N,K	
10	S33	-,S,I,E,N,K,L,P,A,C,D,Q,T	538,10,4,3,3,2,2,2,1,1,1,1,1	S,D	
10	I34	-,S,I,K,D,L,G,F,N,M,P,R,V	538,6,5,4,3,3,2,2,2,1,1,1,1	I,A,T,V	
10	F35	-,F,I,L,K,P,S,R,A,G,Q	538,7,5,5,4,3,2,2,1,1,1	F,L	
10	A42	-,D,E,S,A,G,N,H,T	538,9,5,5,4,4,2,1,1	A,D	
10	V43	-,H,V,K,D,A,I,T	538,13,9,4,2,1,1,1	V,H	
10	A44	-,A,H,E,S	538,26,3,1,1	A	
10	E45	-,T,A,K,S,E,Y,I,H	538,9,6,5,5,2,2,1,1	E,K,T,A	
10	Q46	-,Q,N,P,A,S	535,26,3,3,1,1	Q	
10	A47	-,A,V,G,Q,T,K,S,D,F,L,Y	535,13,4,3,3,3,2,2,1,1,1,1	A,L,V,S	
11	N13	K,S,N,A,L,G,T,R,Q,C,E,F,H,Y	204,78,77,62,47,31,24,22,7,5,4,3,3,2	N,H,K,Q	
11	E14	E	569	E	
11	T15	T,S,I	518,47,4	T	
11	K16	D,Q,K,S,E,R,N,A,T,H,Y,W,G,F,M,L	166,120,91,53,38,34,22,17,12,7,3,2,1,1,1,1	K,H,N,Q	
11	I17	I,V,L	448,104,17	I
11	Q18	K,S,R,E,Q,T,A,D,V,N,L,H,Y,F,C,G,I,M,W	93,90,73,53,53,48,33,26,25,24,22,12,7,5,1,1,1,1,1	Q,C,F,S	
11	G25	G,R,E,Q,S,H,-,K,D,P,L,N,A,T	433,31,30,23,11,8,7,6,5,5,4,3,2,1	G,K,R,E	
11	G26	T,S,G,E,K,A,Q,V,N,D,-,R,P,C,I,H,M	213,95,48,47,32,27,25,19,18,11,9,7,6,5,4,2,1	G,A,D	
11	P27	-,E,L,P,V,F,I,H,N,Y	547,5,4,4,4,1,1,1,1,1	P,H,A,D	
11	L28	-,P,L,E,I,S,K,A,H,N,V,Y	540,7,5,4,3,3,2,1,1,1,1,1	L,I,V	
11	A29	-,L,P,I,E,A,S,D,K,Q,T,V,Y	539,8,5,4,3,2,2,1,1,1,1,1,1	A,P,E,Q	
12	A6	A,G,S,Y,V,F,I,M,-,L,R,C,W,K,N,T,H	411,52,32,19,16,10,8,6,5,2,2,1,1,1,1,1,1	A	
12	L7	E,S,T,R,Q,K,A,H,V,F,L,N,D,Y,I,M,-,C,P	135,99,80,48,40,36,23,21,19,16,13,11,10,7,5,2,2,1,1	L,F,S	
12	V8	V,I,K,Q,L,A,Y,F,M,R,E,T,H,C,G,-,S	284,178,30,16,15,13,10,4,4,4,3,2,2,1,1,1,1	V,I,F	
12	K9	E,T,S,Q,V,K,A,I,H,N,R,Y,D,F,L,C,M	117,83,72,62,61,54,24,23,19,16,15,9,6,4,2,1,1	K,N,S,R	
12	R10	R	569	R	
12	I11	N,K,E,T,D,V,R,I,Q,S,A,H,Y	133,120,67,66,34,33,31,28,25,18,8,5,1	I,D,N,V	
12	T12	T	569	T	
12	I19	V,L,I,A,C,S,M,G	325,116,90,16,10,6,5,1	I,V,N,D	
12	A20	S,E,K,A,T,R,D,Q,F,N,W,H,L,I,V,M,Y	144,120,64,62,59,35,20,19,16,6,6,4,4,3,3,2,2	A,S	
12	I21	L,I,V,F,M,-,W	260,156,132,10,6,3,2	I,L	
12	S22	N,D,S,W,Q,E,T,A,G,C,R,L,V,H,K,-,F	228,161,47,30,21,16,16,10,10,6,5,4,4,3,3,3,2	S,C,A,G	
12	L23	L,I,V,D,T,-,N,M,K,P,R	466,62,15,14,4,2,2,1,1,1,1	L,I	
12	K24	D,N,Y,E,R,V,K,H,T,C,-,M,S	503,18,13,11,6,5,4,3,2,1,1,1,1	K,D,N,E	