#library	Comments	aa_seq	mean	sem
2		SDRPYGFIDLGLQREKVGDLSSEMIHM_	0.0215	0.02772
2		SNRPYSFINLGLQREKVGDLSSEMVPHF	0.46183	0.01628
2		SRDHTAS_SLVCKGRK_EICPPRWYHI_	0.02667	0.01202
2		SGRPFGVVNLGLQREKVGDLSCEMVTHL	0.46383	0.00841
2		SGRPYAFANLGLQREKVGDLSSEMVTHV	0.47617	0.00636
2		SNRAYGVADLGLQREKVGDLSSEMVPHI	0.05817	0.00607
2		SSRPFAFINLGLQREKVGDLSCEMVPHF	0.47067	0.00592
2		SDRPYCVVDLGLQREKVGDLSCEMITHI	0.473	0.00984
2		SSRAFAFTDLGLQREKVGDLSSEMVTHV	0.25575	0.01377
2		SGRPFAFADLGLQREKVGDLSSEMITHV	0.4525	0.01862
2		SNRPFCFINLGLQREKVGDLSSEMVPHI	0.45383	0.01083
2		SNRAYGVTKLGLQREKVGDLSCEMVTHF	0.469	0.00398
2		SSRPYSVTNLGLQREKVGDLSSEMITHL	0.44067	0.01227
2		SDRAYAFVKLGLQREKVGDLSCEMIPHV	0.33917	0.01062
2		SSRPYCFAELGLQREKVGDLSSEMIPHI	0.38633	0.01419
2		SNRAYSFTKLGLQREKVGDLSSEMIPHV	0.03667	0.00318
2	Has additional peaks in sequencing	SNRPFAFTDLGLQREKVGDLSCEMITHV	0.41483	0.01696
2		SNRAFCFINLGLQREKVGDLSSEMVTHV	0.031	0.00574
2		SNRAYGVANLGLQREKVGDLSSEMVTHI	0.2872	0.01404
3	Has additional peaks in sequencing	LGLKREKVGELSCEMIPHFLDSFSRT	0.44833	0.00858
3		IGFRREMVGELSCEMNPAFFRQFCTR_	0.0215	0.0015
3		LGFRREKIGELSCEMIPHFMDSFARA	0.47117	0.00707
3		LGFRREMIGQLSCEMIPHFIESFSQG	0.4738	0.01004
3	Has additional peaks in sequencing	LGFQREKIGHLSCEMIPHFLDSFAGS	0.47667	0.00865
3		IGLRREKIGHLSCEMIPHFMHSFSEG	0.4705	0.00883
3		IGLKREKIGDLSCEMIPHFLESFAGG	0.4675	0.00807
3		LGFRREMVGQLSCEMIPHFLQSFAGA	0.47483	0.00538
3	Has deletion outside mutated region	IGLKREMVGHLSCEMIPHFLESFAEA	0.036	0.00598
3	Has additional peaks in sequencing	LGFKREMIGHLSCEMIPHFLDSFSES	0.437	0.00992
3	Has additional peaks in sequencing	IGFRREKIGELSCEMIPHFLESFARG	0.477	0.00907
3		LGLQREMIGQLSCEMIPHFIHSFSGS	0.4192	0.01737
3		IGFKREKIGQLSCEMIPHFLHSFSGG	0.45733	0.01478
3		LGLRREKIGDLSCEMIPHFLESFARS	0.468	0.0113
3		LGFRREKVGQLSCEMIPHFLQSFSES	0.4344	0.0168
3		LGFQREMIGQLSCEMIPHFLQSFAGG	0.46017	0.00724
3		LGFRREKIGDLSCEMIPHFLHSFAEG	0.46467	0.00622
3		IGLKREKIGELSCEMIPHFLDSFAGG	0.4484	0.01065
3		IGFRREMIGELSCEMIPHFMHSFSGA	0.331	0.00916
3		IGFQREMVGQLSCEMIPHFLHSFARG	0.4675	0.01057
3		LGLKREKIGQLSCEMIPHFIQSFSQA	0.439	0.01119
3		IGLKREKIGELSCEMIPHFLHSFSES	0.47367	0.00508
4		AAVTMHINCIRGKNDHHRSESAFKSLAVAM	0.45567	0.00862
4		ATITLHVGCLRGKNDHHRSESAFKSLAVAP	0.0205	0.0095
4		STVTLHVNCIRGKNDHHRSESAFKALALAL	0.458	0.01291
4	Has additional peaks in sequencing	SGVTMHISCLRGKNDHHRSESAFKALAIAL	0.461	0.00432
4		STVTIHISCLRGKNDHHRMRALSNHLP_L_	0.03375	0.00325
4		STITMHVNCTRGKNDHHRSESAFKSLALAM	0.3164	0.01374
4	Has additional peaks in sequencing	AGITLHVDCTRGKNDHHRSESAFKSLALAT	0.4536	0.00501
4	Has additional peaks in sequencing	AAVTLHISCIRGKNDHHRSESAFKAFALAM	0.4644	0.01107
4		STVTMHVNCTRGKNDHHRSESAFKSFALAI	0.048	0.00513
4		SAITLHVDCIRGKNDHHRSESAFKALALAL	0.471	0.00711
4		ATITIHINCTRGKNDHHRSESAFKSFAVAP	0.02375	0.00298
4		ASITLHINCTRGKNDHHRSESAFKAFAIAM	0.4765	0.00848
4		AGVTMHIDCIRGKNDHHRSESAFKAFAIAL	0.4768	0.00668
4	Has additional peaks in sequencing	ATITMHVSCPRGKNDHHRSESAFKSLALAI	0.40383	0.00966
4		AGITNT_TVHEARMIITVVRAPLSHSL_R_	0.0245	0.00918
4		STVTLHIDCIRGKNDHHRSESAFKSLAIAT	0.43083	0.00646
4		SRVTLHISCIRGKNDHHRSESAFKSLAVAP	0.03217	0.00556
4		SSITIHVNCLRGKNDHHRSESAFKSFAIAL	0.448	0.00554
4		STITLHVGCPRGKNDHHRSESAFKALAIAP	0.0382	0.00732
4		ATVTVAHKLPTRQE_SSP__ECIQGICLSH_	0.0226	0.0088
4		ATVTLHIDCPRGKNDHHRSESAFKALAVAP	0.02633	0.00352
4	Has additional peaks in sequencing	SAITLHINCPRGKNDHHRSESAFKALALAT	0.44	0.0139
4		STVTLHVDCLRGKNDHHRSESAFKAFALAL	0.45533	0.01453
5		RGTNDHHRAESAFKALAVAIRAAITPTGKNE	0.467	0.00751
5		YGKNDHHRAESAFKALAVAIRESISLNEKNE	0.43933	0.00395
5	Has additional peaks in sequencing	HGTNDHHRSESAFKALAVAIKESTTPNGKND	0.45567	0.01219
5		HGTNDHHRAESAFKALAVAIKEAISLNGTDD	0.47433	0.0057
5		HGNNDHHRSESAFKALAVAIRESISSTETDD	0.47517	0.00901
5		RGTNDHHRSESAFKALAVAIRAA_A_PKQT_	0.3955	0.01295
5		RGNNDHHRAESAFKALAVAIKASITLTGKNE	0.4755	0.0049
5		CGKNDHHRSESAFKALAVAIKEATSPNGKNE	0.4725	0.01438
5		CGTNDHHRSESAFKALAVAIRAATTLNGKDE	0.4485	0.00755
5		CGNNDHHRSESAFKALAVAIKAATTSNETND	0.4516	0.01414
5		YGKNDHHRSESAFKALAVAIKESITSNETDD	0.45967	0.00964
5	Has additional peaks in sequencing	RGTNDHHRSESAFKALAVAIRAATSLTGTND	0.4698	0.01493
5		RGTNDHHRAESAFKALAVAIREAISPTGTDE	0.46533	0.01681
5		RGTNDHHRAESAFKALAVAIKAAITLTETDE	0.47033	0.00401
5		HGNNDHHRAESAFKALAVAIRESISPTGKNE	0.47333	0.00939
5		HGNNDHHRAESAFKALAVAIKASITLTEKND	0.46	0.00673
5	Has additional peaks in sequencing	HGTNDHHRAESAFKALAVAIRESITLNGKDE	0.44317	0.0118
5		RGTNDHHRAESAFKALAVAIKAAITPTGKDD	0.473	0.00364
5		RGTNDHHRSESAFKALAVAIRESITPTGTNE	0.477	0.00802
5		RGTNDHHRAESAFKALAVAIREATSLTGTDD	0.45583	0.01604
5	Has additional peaks in sequencing	RGNNDHHRAESAFKALAVAIKESISLNGKDD	0.4524	0.01291
5		HGNNDHHRSESAFKALAVAIRESTTLTGTDE	0.4525	0.01672
5	Has additional peaks in sequencing	CGTNDHHRSESAFKALAVAIREATTSTGKDE	0.47275	0.00841
6		SALSLGLAFHEALGAVRGVKRFGYGYAPLD	0.4815	0.0082
6		SGLALGLALHEALGAVRGVKRFGSGFCPLD	0.3694	0.01514
6		SALALGLALHEALGAVRGVKRYGYAYCPLD	0.44433	0.01047
6		TAISLGQAFHEALGAVRGVKRFGHGYAPLD	0.4565	0.00732
6		TALTLGQAFHEALGAVRGVKRFGYGFAPLD	0.47	0.00575
6	Has additional mutation outside mutated region, but it is in the end of the read, so it is not clear if it is real or not	SGISLGLAFHEALGAVRGVKRFGYAYCPLD	0.45317	0.00942
6	Has additional peaks 	CAITLGQAFHEALGAVRGVKRFGSAFAPLD	0.44117	0.01341
6		CAISLGQAFNEALGAVRGVKRFGYGFCPLD	0.47567	0.00882
6		SGLTLGQALQEALGAVRGVKRYGYGFAPLD	0.4148	0.01537
6	Has additional peaks 	CALSLGQALNEALGAVRGVKRFGHGFCPLD	0.45133	0.01022
6		TGLSLGQAFNEALGAVRGVKRFGSAYAPLD	0.484	0.00558
6	Has additional peaks 	TALSLGKALQEALGAVRGVKRYGPGFCPLD	0.3656	0.02261
6		TAITLGKAFNEALGAVRGVKRYGYGYCPLD	0.4525	0.00859
6		TAITLGMAFKEALGAVRGVKRFGSAFCPLD	0.4745	0.00368
6	Has additional peaks 	SGLTLGQAFHEALGAVRGVKRFGYAFCPLD	0.45483	0.00925
6		TGLTLGKAFNEALGAVRGVKRFGSGYCPLD	0.46567	0.01258
6		SGLTLGMALNEALGAVRGVKRFGYGFAPLD	0.3685	0.00545
6		SALTLGKALNEALGAVRGVKRFGSAFCPLD	0.255	0.00679
6		SALTLGQAFNEALGAVRGVKRFGSGYAPLD	0.46917	0.00623
6		SGLSLGQAFHEALGAVRGVKRFGPAYAPLD	0.044	0.00797
6		TALSLGLAFHEALGAVRGVKRFATDSHHL_	0.03767	0.00579
7		YTALAKHAGWSLIVECIGDLDIDDHHSIED	0.44633	0.0117
7		HHALAKHCGWSLIVECIGDLFIDDHHSSED	0.0025	0.0045
7		LTALAKHCGWSLIVECIGDLYVDDHHSLED	0.46617	0.00506
7	Has additional peaks 	YNALAKHAGWSLIVECIGDLFIDDHHTVED	0.46883	0.00886
7		NNALAKHGGWSLIVECIGDLFVDDHHTLED	0.0485	0.01388
7		IPALAKHSGWSLIVECIGDLVIDDHHSSED	0.038	0.01048
7	Has additional peaks 	NHALAKHAGWSLIVECIGDLFIDDHHTVED	0.48567	0.00262
7		YNALAKHCGWSLIVECIGDLYIDDHHTTED	0.20167	0.01536
7		NTALAKHSGWSLIVECIGDLLIDDHHSLED	0.034	
7		YTALAKHSGWSLIVECIGDLDIDDNHSTED	0	
7	Has additional peaks 	LTALAKHAGWSLIVECIGDLLIDDHHSSED	0.47017	0.00295
7		HNALAKHAGWSLIVECIGDLYVDDHHSSED	0.042	
7		YHALAKHGGWSLIVECIGDLVIDDHHTLED	0.0245	0.02215
7		YNALAKHSGWSLIVECIGDLFVDDHHSIED	0.0702	0.01687
7		LNALAKHAGWSLIVECIGDLVVDDHHTLED	0.4795	0.00348
7		FHALAKHSGWSLIVECIGDLVIDDHHTAED	0.43783	0.0167
7		ITALAKHCGWSLIVECIGDLVVDDHHSLED	0.4222	0.01368
7		HTALAKHAGWSLIVECIGDLYIDDHHTSED	0.43783	0.01695
8		DTGIAFSTT_YMLWPSIPAGA_YYMP_EI_	0	
8		HTGVAFLDHMIHALAKHSGWSLVLEGVGDI	0.4665	0.00674
8		ETGIAFLDHMIHALAKHSGWNIIVECVGDL	0.232	0.01199
8		DTGVAFFDHMIHALAKHSGWNLILEGIGDI	0	0.013
8		HTGIAFFDHMIHALAKHSGWNIGLECIGDL	0.0195	0.00758
8		QTGIAFFDHMIHALAKHSGWNLILECVGDL	0.2505	0.01818
8		DTGIGFLDHMIHALAKHSGWNILLYCIGDL	0.0294	0.00874
8	Has additional peaks 	HTGVGFFDHMIHALAKHSGWSLILYSGGDL	0.25975	0.00359
8		HTGIGFFDHMIHALAKHSGWNLILYCVGDL	0.4474	0.00632
8		QTGVAFLDHMIHALAKHSGWNLLVEARGDL	0.0306	0.01385
8		HTGIAFLDHMIHALAKHSGWNIGVYSIGDL	0.0388	0.00584
8	Has additional peaks 	HTGIAFFDHMIHALAKHSGWNLGLEAGGDL	0.013	0.004
8		ETGVAFLDHMIHALAKHSGWNLILYGIGDL	0.032	0.015
8	Has additional peaks 	QTGIAFLDHMIHALAKHSGWSLGVEAIGDI	0.01275	0.0077
8		HTGVAFFDHMIHALAKHSGWNLVLYCGGDL	0.02	0.00303
8		HTGVAFFDHMIHALAKHSGWNLLLYGGGDI	0.024	0.00305
8		DTGVGFLDHMIHALAKHSGWSIGVEGGGDI	0.025	0.00305
8		DTGIAFLDHMIHALAKHSGWNIGLYCVGDI	0.03167	0.00595
8		DTGVAFFDHMIHALAKHSGWNIILEAGGDL	0.03833	0.00714
9		PKNKEEAVAEQATGSQAVDI	0.466	0.00499
9		PANKADAVAEQATRGQVIDI	0.4555	0.0104
9		PKNKEDAVAEQASGGQVISI	0.43733	0.01376
9		PENKEDAVAEQASQSQVVDV	0.44383	0.01545
9		PTNKAEAVAEQASQGQVINI	0.452	0.01633
9		PKNKAEAVAEQASGSQTVDV	0.4785	0.00387
9	Has additional mutation outside mutated region, but it is in the end of the read, so it is not clear if it is real or not	PKKKEDAVAEQATGGQVVSV	0.46867	0.00851
9		PRNEEDAVAEQASGGQTISI	0.4712	0.00774
9	Has additional peaks 	PTKEADAVAEQASGGQVIDI	0.46317	0.01344
9		PKNKEDAVAEQASQGQAINI	0.457	0.0099
9		PTNEADAVAEQATQSQTISI	0.46883	0.00769
9		PTKKEDAVAEQASGSQVVSV	0.45367	0.00304
9		QKNEEDAVAEQASRGQAIGI	0.451	0.01688
9		PKNEAEAVAEQATEGQVINV	0.46583	0.00506
9		SSNKAEAVAEQATGSQIINI	0.4745	0.01081
9		PKNEEDAVAEQATGGQTIGI	0.4652	0.00744
9		PRNEAEAVAEQASRGQTISV	0.443	0.00978
10		TPHDILPEKEAEDHAAQV	0.44867	0.01042
10		TAHDAFPEKEAEAHATQA	0.14967	0.01044
10		LEHDVLPEKEAEAHAAQV	0.44883	0.01485
10	Has multiple peaks 	PAHSIFPEKEAEDHAAQA	0.47717	0.01072
10		IPQSTFPEKEAEAHAKQV	0.4975	0.00291
10		IEQSILPEKEAEDVAEQS	0.47383	0.01646
10		TQNDIFPEKEAEAHATQA	0.45017	0.01104
10	Has multiple peaks 	TAHSVFPEKEAEDHAEQA	0.4562	0.01167
10	Has additional mutation outside the variabe part	LENSTLPEKEAEDHAKQL	0.45917	0.01081
10		LPHDTFPEKEAEDHAAQL	0.447	0.01098
10	Has multiple peaks 	IANSALPEKEAEDVAEQA	0.4535	0.0081
10		IQKSIFPEKEAEAHAAQL	0.4362	0.00476
10		PEKDVFPEKEAEDVAEQV	0.46883	0.01074
10		LPKSTFPEKEAEDVATQA	0.469	0.00628
10		PEHDTFPEKEAEDHAEQL	0.47883	0.00701
10		IEQSIFPEKEAEAHAAQL	0.44483	0.01259
10	Has additional mutation outside the variabe part	LPHSTFPEKEAEDVAKQL	0.0342	0.01154
10		LAQSIFPEKEAEAVAAQV	0.44083	0.01721
10		TAKSIFPEKEAEAVAKQS	0.4582	0.02145
10		TK_YIPRKRGRRRR_TV_	0.0515	0.01341
10		LQHDVLPEKEAEDVETV_	0.03383	0.00575
11		KETHIFIAISLKKGPVE	0.22575	0.01415
11		NETQISIAISLKRDDLA	0.403	0.01614
11		NETHIQIAISLKRDHIP	0.147	0.018
11		HETHISIAISLKEGHLP		
11		QETHISIAISLKKDAIP	0.03525	0.00459
11		HETHIQIAISLKGGPVE	0.48033	0.01272
11		HETHISIAISLKEGPLA	0.3095	0.01271
11		QETKIQIAISLKGAPIS	0.459	0.01048
11		HETNIQIAISLKKGDVQ	0.37817	0.0097
11		KETQIFIAISLKEADLP	0.25683	0.01217
11		HETNIQIAISLKKDPVP	0.15517	0.01355
11	Has multiple peaks 	NETKIQIAISLKKDAVE	0.3215	0.01578
11		NETQIFIAISLKKAPLA	0.056	0.01332
11		HETHISIAISLKRGDLP		
11		QETNIFIAISLKGDHVA	0.41075	0.0185
11		KETNIFIAISLKGAALQ	0.49467	0.03656
11		HETHIQIAISLKRGAVQ	0.4462	0.01077
11	Has multiple peaks 	NETHISIAISLKEGALA	0.31967	0.00722
11	Has multiple peaks 	HETHIPIAISLKEGHLP_	0.461	0.00648
11		HETHISIAISLKGGHT_	0.017	0.00759
11		NETQIQIAISLKRDHLE	0.3916	0.01591
11		QETQIQIAISLKEADLA	0.32017	0.00809
11		KETKISIAISLKEGHVE	0.28267	0.01328
11		HETKIQIAISLKRGPVA	0.41517	0.00649
12		ASVNRDTNETKIQISLALD	0.46117	0.01197
12	Has multiple peaks 	AFFNRITNETKIQDALSLN	0.41967	0.02264
12		ASFRRITNETKIQDAIGLE	0.048	
12	Has additional mutation outside the variabe part	ELINRNTNETKIQVALSLD	0.438	0.01757
12	Has multiple peaks 	AFINRSTLMKPRFRTHYP__	0.02967	0.0024
12	Has multiple peaks 	AFFSRVTNETKIQISISID	0.47975	0.01441
12	Has multiple peaks 	ALVNRDTNETKIQVAIALD	0.47933	0.00861
12		AFVNRITNETKIQVALALD	0.477	0.00727
12	Has multiple peaks 	AFHQASHIMKPRFRYSLAHR_	0.46467	0.00771
12	Has multiple peaks 	AFPSTRGHQ_NQDSDRTIPK_	0.4602	0.02041
12		ASFRRNTNETKIQDSISIK	0.01	0.01308
12		ALVSRITNETKIQISLAIK	0.468	0.01852
12		ASVSRVTNETKIQIALCLE	0.43483	0.00719
12		AFVRRITNETKIQDSLCIK	0.01867	0.01004
12	Has multiple peaks 	ASINRDTNETKIQDALCIK	0.46617	0.01048
12		ASINRVTNETKIQIALCIE	0.4625	0.01178
12		ALFNRDTNETKIQVSLSLD	0.47533	0.00609
12		ASFSRDTNETKIQNSLSLE	0.0206	0.0061
12		ASISRDTNETKIQNALGLN	0.0315	0.00477
12		ALVKRNTNETKIQIALALK	0.46183	0.00671
12		ASFSRITNETKIQISIGLD	0.432	0.0069
12		AFIKRITNETKIQIALSLD	0.4655	0.00933
8		HTGIAFFDHMIHALAKHSGWSLVVESIGDI	0.32271	0.00563
8		QTGIAFLDHMIHALAKHSGWSIVVYCRGDL	0.38829	0.00983
8	Has additional mutation outside the variabe part	DTGIGFFDHMIHALAKHSGWSLIVEGIGDI	0.32571	0.01306
8		DTGVGFFDHMIHALAKHSGWSLLLYAGGDL	0.26186	0.00512
8		HTGIAFLDHMIHALAKHSGWSLLVECRGDI	0.424	0.00711
8		DTGIAFLDHMIHALAKHSGWSLLLYAVGDI	0.45529	0.01869
8		DTGVAFLDHMIHALAKHSGWSLILYGIGDI	0.39014	0.00563
8		HTGVAFLDHMIHALAKHSGWSLVLESVGDL	0.43471	0.00777
8	Has multiple peaks 	ETGIGFLDHMIHALAKHSGWNLRVYSIGDI	0.23929	0.00757
8		HTGIGFLDHMIHALAKHSGWSLILYGGGDL	0.40871	0.00956
8		HTGVAFLDHMIHALAKHSGWSLIVYAGGDI	0.39471	0.0095
8		QTGIAFFDHMIHALAKHSGWSLILYSVGDL	0.28843	0.01434
wt		Wt1	0.46164	0.0112
wt		Wt2	0.41156	0.01796
wt		Wt3	0.47118	0.00852
wt		Wt4	0.35436	0.0118
wt		Wt5	0.33313	0.00674
wt		Scas	0.36713	0.01186
1		DAMGHIKGLTRFGSGFAPLDEALSRAVVDF	0.43782	0.00952
1		KALGKIKGLTRFGSGFAPLDEALSRAVVDL	0.41673	0.01304
1		NALGNIKGLTRFGSGFAPLDEALSRAVVDF	0.39212	0.01491
1		KALGPIKGLTRFGSGFAPLDEALSRAVVDF	0.452	0.00633
1		KALGEFTGVKRFGSGFAPLDEALSRAVVDF	0.3864	0.01315
1		DALGHITGIKRFGSGFAPLDEALSRAVVDF	0.45291	0.00633
1		KAIGDFTGVTRFGSGFAPLDEALSRSVVDL	0.39236	0.00648
1		EALGPFTGVARFGSGFAPLDEALSRSVVDF	0.43264	0.01016
1		DAVGAFTGLARFGSGFAPLDEALSRAVVDL	0.38355	0.01345
1		KAVGNFTGVKRFGSGFAPLDEALSRSVVDF	0.34891	0.00888
1		DALGTVTGIKRFGSGFAPLDEALSRAVVDF	0.46745	0.0164
1		EALGNVKGVERFGSGFAPLDEALSRSVVDF	0.35045	0.00985
1		KAVGNFTGVKRFGSGFAPLDEALSRSVVDF	0.30227	0.00692
1		EAVGHIKGIERFGSGFAPLDEALSRAVVDL	0.21891	0.00702
1		KALGKIKGLTRFGSGFAPLDEALSRAVVDL	0.39209	0.0085
1		KH_GISKG_KGLDQDLRLWMRLSPEQ__I_	0.06291	0.00272
1		KALGDFKGIERFGSDLRLWMKLYQDQW_I_	0.04409	0.00174
1		EAIGDVTGITRFGSDLRLWMRLSRGQWST_	0.04891	0.00248
1		EALGKGQRLRKVWIRICAFG_SSFKISRRL_	0.06791	0.00582
1		NALGNFRGVARFGSDLRLWMKHSRDQSSI_	0.06291	0.0036
1		EAVGKVKGIERFGSGFAPLDEALSRAVVDF	0.35567	0.00598
1		EAMGTITGVARFGSGLRLWMKRYRDQWLI_	0.10308	0.00721
1		NALGAVTGITRFGSGFAPLDEALSRAVVDF	0.39883	0.0089
wt		Scer3	0.38367	0.00671
wt		Anid	0.4787	0.01661
wt		Scast	0.5215	0.0126
wt		Sbay	0.53273	0.01201
wt		Scer1	0.41645	0.00671
wt		Klac	0.52155	0.00827
wt		Cgla	0.4791	0.01485
wt		Spom	0.51582	0.01326
wt		Sklu	0.48173	0.01336
wt		Kwal	0.515	0.00776
wt		Lelo	0.51958	0.00848
wt		Dhan	0.4855	0.00955
wt		Scer2	0.50358	0.00749
wt		Cgui	0.51633	0.01004
wt		Clus	0.52482	0.01308
wt		Agos	0.4865	0.00874
wt			0.429	
wt			0.4192	
wt			0.36683	
wt			0.4444	
wt			0.4495	
wt			0.434	
wt			0.406	
wt			0.455	
wt			0.46533	
wt			0.42717	
wt			0.39517	
wt			0.453	
